,City,Clouds,Country,Date,Humidity,Lat,Lng,Max Temperature,Wind Speed
0,punta arenas,40,CL,1579573328,67,-53.15,-70.92,57.2,12.75
1,vaini,20,TO,1579573329,66,-21.2,-175.2,84.2,12.75
2,provideniya,75,RU,1579573330,71,64.38,-173.3,3.2,4.47
3,katsuura,20,JP,1579573332,40,35.13,140.3,57.99,24.16
4,hamilton,90,US,1579573333,68,39.18,-84.53,26.01,4.7
5,ushuaia,75,AR,1579573334,76,-54.8,-68.3,50.0,4.7
6,lokoja,30,NG,1579573335,35,7.8,6.74,74.05,0.83
7,bredasdorp,100,ZA,1579573296,82,-34.53,20.04,66.2,10.29
8,cabedelo,40,BR,1579573337,83,-6.98,-34.83,78.8,4.7
9,goderich,99,CA,1579573326,79,43.75,-81.72,28.99,1.99
10,lompoc,90,US,1579573329,93,34.64,-120.46,57.2,1.81
11,danilov,90,RU,1579573340,94,58.19,40.17,33.8,15.66
12,nizhneyansk,20,HK,1579573315,64,22.29,114.16,69.8,18.34
13,victoria,100,PF,1579573343,81,-22.43,-151.33,79.77,14.47
14,moerai,0,ZA,1579573189,88,-33.93,18.42,68.0,2.24
15,cape town,100,NZ,1579573300,64,-46.19,168.86,73.45,3.47
16,mataura,40,AU,1579573346,60,-28.77,114.6,75.2,23.04
17,geraldton,1,US,1579573347,65,29.95,-91.75,43.0,6.93
18,iberia,0,MX,1579573348,72,16.7,-99.0,83.16,3.76
19,cuautepec,92,RU,1579573312,89,73.51,80.55,-20.63,22.84
20,dikson,1,US,1579573350,45,30.65,-91.16,44.01,6.93
21,artyk,100,PF,1579573289,78,-23.12,-134.97,78.3,10.09
22,zachary,0,MV,1579573352,79,-0.6,73.08,83.14,11.18
23,rikitea,40,AU,1579573353,62,-21.15,149.2,90.0,10.29
24,hithadhoo,98,RU,1579573355,91,52.98,116.92,-5.96,2.68
25,mackay,40,AU,1579573248,78,-42.88,147.33,72.0,14.99
26,bukachacha,75,MU,1579573357,88,-20.52,57.52,80.01,5.73
27,hobart,75,MU,1579573333,88,-20.34,57.76,80.01,10.71
28,souillac,43,EC,1579573359,65,-0.74,-90.35,77.0,3.0
29,bambous virieux,100,IS,1579573360,63,64.25,-15.21,40.59,42.93
30,puerto ayora,0,CL,1579573361,74,-30.6,-71.2,58.75,1.39
31,hofn,100,RU,1579573362,75,66.0,111.5,-14.8,6.71
32,ovalle,100,AR,1579573323,74,-28.47,-65.79,68.0,1.99
33,aykhal,40,AU,1579573364,37,-34.58,150.86,87.01,10.29
34,catamarca,90,CA,1579573365,77,49.78,-74.85,-0.4,11.41
35,flinders,58,GN,1579573367,38,8.68,-8.63,67.14,2.37
36,chapais,20,OM,1579573329,56,17.02,54.09,68.0,6.93
37,beyla,63,PG,1579573369,79,-2.02,147.27,82.99,13.78
38,salalah,100,RU,1579573354,97,69.7,170.31,-15.47,5.88
39,lorengau,0,IN,1579573371,63,17.48,73.19,76.66,6.26
40,pevek,67,PF,1579573306,76,-9.8,-139.03,81.05,13.22
41,guhagar,75,PE,1579573373,83,-12.04,-77.03,73.4,10.29
42,atuona,0,IN,1579573374,58,17.18,77.28,73.04,12.68
43,lima,100,KI,1579573300,65,3.07,172.79,84.96,3.33
44,sedam,42,CV,1579573376,78,14.9,-24.5,68.76,2.13
45,butaritari,98,TL,1579573377,50,-8.93,125.41,83.41,4.27
46,sao filipe,0,MX,1579573379,72,23.38,-105.38,56.05,4.92
47,airai,90,AR,1579573123,93,-38.0,-57.56,64.4,14.99
48,karaul,32,PH,1579573321,73,11.0,122.67,77.74,14.85
49,tocantinopolis,75,PT,1579573382,87,33.08,-16.33,57.2,9.17
50,pueblo nuevo,100,BR,1579573383,88,-18.59,-48.7,68.0,3.36
51,mar del plata,99,RU,1579573384,99,65.82,87.98,-36.98,3.06
52,dingle,100,BR,1579573154,84,-17.71,-39.25,79.74,12.41
53,camacha,67,AU,1579573298,38,-33.65,115.33,78.01,19.22
54,tupaciguara,20,CA,1579573312,75,65.28,-126.83,-20.2,4.7
55,turukhansk,0,CN,1579573389,66,32.39,120.56,57.0,13.73
56,taolanaro,100,CA,1579573340,89,48.65,-53.11,21.0,8.01
57,caravelas,0,PH,1579573391,75,16.29,119.81,78.37,13.13
58,busselton,90,CA,1579573392,84,60.82,-115.8,8.6,5.82
59,norman wells,40,BR,1579573320,85,-22.97,-42.03,74.48,4.27
60,rucheng,40,AU,1579573394,52,-14.47,132.27,89.6,20.8
61,bonavista,75,ZA,1579573395,77,-33.92,25.57,68.0,10.29
62,catuday,100,TR,1579573396,77,41.77,34.87,41.5,24.25
63,hay river,100,CN,1579573397,95,47.87,88.12,4.77,2.62
64,arraial do cabo,90,US,1579573398,88,22.08,-159.32,78.8,10.29
65,katherine,100,PT,1579573399,80,38.52,-28.7,56.19,19.35
66,port elizabeth,90,US,1579573321,85,42.1,-79.24,24.8,5.82
67,sinop,21,PF,1579573402,74,-16.48,-151.75,81.95,9.57
68,altay,40,AU,1579573403,47,-33.87,121.9,75.2,23.04
69,kapaa,40,AU,1579573268,40,-42.78,147.06,72.0,14.99
70,ribeira grande,20,GD,1579573405,83,12.06,-61.75,78.8,11.41
71,jamestown,100,RU,1579573406,87,69.38,178.42,-6.43,12.77
72,faanui,1,US,1579573407,86,34.42,-79.37,32.0,4.7
73,esperance,100,ZA,1579573304,90,-33.59,26.89,63.0,1.99
74,new norfolk,92,GL,1579573409,57,72.79,-56.15,-2.81,10.16
75,saint-georges,1,US,1579573303,34,41.37,-73.41,26.01,3.36
76,leningradskiy,20,JP,1579573411,46,31.42,130.32,50.0,9.17
77,dillon,75,CA,1579573311,76,62.46,-114.35,-7.01,4.7
78,port alfred,55,RU,1579573414,91,69.3,139.9,-24.54,4.97
79,upernavik,0,CL,1579573415,50,-33.73,-70.75,75.2,6.93
80,bethel,1,US,1579573416,67,57.79,-152.41,21.2,8.05
81,kaseda,20,MY,1579573332,74,5.41,100.34,84.2,4.7
82,yellowknife,21,PF,1579573418,74,-16.52,-151.75,81.95,9.57
83,deputatskiy,20,RU,1579573419,75,64.75,177.48,-16.01,2.24
84,buin,100,RU,1579573420,97,51.41,57.59,19.36,8.61
85,kodiak,1,US,1579573245,48,42.6,-73.97,17.6,5.82
86,georgetown,1,CA,1579573422,71,51.26,-80.61,5.0,11.41
87,vaitape,100,SN,1579573423,14,13.98,-14.8,72.01,3.58
88,anadyr,96,RU,1579573425,92,51.12,133.02,-6.0,1.52
89,mednogorsk,12,RU,1579573383,88,71.69,128.87,-26.28,3.65
90,albany,100,RU,1579573427,89,54.49,34.98,32.72,15.5
91,moose factory,61,SB,1579573428,69,-8.77,160.7,84.51,7.63
92,koungheul,97,BR,1579573429,84,-30.18,-50.21,76.08,29.35
93,chegdomyn,100,SN,1579573430,83,12.48,-16.55,71.6,2.24
94,tiksi,100,AR,1579573431,41,-38.72,-62.27,70.2,14.5
95,mosalsk,0,KR,1579573432,27,35.24,129.21,39.2,8.05
96,auki,96,IN,1579573433,56,24.03,74.78,56.89,4.5
97,cidreira,100,RU,1579573434,82,50.68,156.12,20.7,5.32
98,oussouye,97,RU,1579573435,97,71.92,114.08,-21.87,7.72
99,bahia blanca,0,AR,1579573437,57,-43.3,-65.1,65.17,15.52
100,kijang,40,US,1579573438,80,40.74,-114.07,30.2,4.45
101,pratapgarh,100,BR,1579573182,73,-23.78,-45.36,74.88,9.31
102,severo-kurilsk,75,BR,1579573440,100,-29.68,-53.81,71.6,4.7
103,saskylakh,100,GL,1579573363,48,69.22,-51.1,19.4,11.41
104,rawson,20,JP,1579573308,39,35.73,140.83,50.0,13.87
105,west wendover,62,RU,1579573443,91,49.93,116.87,-5.89,8.55
106,ilhabela,78,LK,1579573444,85,5.97,80.42,77.79,7.02
107,santa maria,1,PG,1579573368,70,-6.22,155.63,83.97,8.14
108,ilulissat,100,RU,1579573446,98,70.63,147.92,-17.23,8.03
109,hasaki,20,BR,1579573381,83,-5.2,-35.46,78.8,3.36
110,dauriya,75,MU,1579573333,88,-20.41,57.7,80.01,5.73
111,weligama,31,IN,1579573450,65,26.47,92.47,63.43,2.8
112,kieta,87,GH,1579573451,96,5.89,-1.02,74.52,1.48
113,chokurdakh,0,CN,1579573452,44,39.5,106.71,26.6,4.34
114,saleaula,18,NO,1579573284,65,71.04,27.85,33.3,27.94
115,touros,1,US,1579573167,41,37.68,-113.06,42.8,11.41
116,mahebourg,81,RU,1579573455,97,71.97,102.5,-28.25,7.34
117,dhing,99,CK,1579573456,83,-21.21,-159.78,82.4,11.41
118,akim swedru,29,ID,1579573458,61,-0.88,131.25,87.96,6.82
119,wuda,40,VU,1579573308,61,-19.55,169.27,82.4,9.17
120,attawapiskat,20,US,1579573400,75,64.84,-147.72,-9.4,1.81
121,mehamn,21,BR,1579573342,90,-21.64,-41.05,71.76,10.45
122,cedar city,98,RU,1579573462,90,63.28,118.33,-8.09,9.24
123,khatanga,90,US,1579573463,76,71.29,-156.79,-4.0,13.87
124,avarua,90,CA,1579573464,75,70.47,-68.59,-14.8,17.22
125,sorong,90,US,1579573279,67,32.72,-117.16,62.6,3.36
126,isangel,100,NZ,1579573307,73,-46.6,168.33,62.24,5.59
127,fairbanks,20,MX,1579573442,73,21.28,-89.67,72.0,4.7
128,sao joao da barra,100,RU,1579573469,94,52.26,87.12,5.45,3.11
129,nyurba,26,RU,1579573470,96,65.97,78.37,-31.49,4.85
130,barrow,5,RU,1579573391,99,63.05,179.32,-5.46,11.9
131,ayer itam,90,CA,1579573472,54,50.23,-63.6,3.2,9.17
132,clyde river,0,PK,1579573473,63,24.14,67.45,63.48,7.76
133,san diego,90,US,1579573474,76,34.15,-119.2,57.99,4.7
134,bluff,45,MV,1579573476,73,5.1,73.07,83.17,18.01
135,progreso,100,RU,1579573477,96,67.45,153.68,-23.01,11.48
136,turochak,1,US,1579573478,77,45.02,-93.22,10.4,6.93
137,urengoy,100,RU,1579573400,97,66.77,123.37,-23.35,8.57
138,beringovskiy,20,CA,1579573480,75,68.22,-135.01,-20.2,3.36
139,barentsburg,100,VE,1579573481,97,5.66,-67.62,73.62,3.31
140,havre-saint-pierre,0,CN,1579573482,75,32.54,120.45,57.0,1.99
141,keti bandar,31,CN,1579573484,65,18.8,110.4,74.57,8.7
142,port hueneme,100,BR,1579573485,96,-16.65,-41.03,68.7,3.24
143,eydhafushi,75,MU,1579573486,88,-20.21,57.76,80.01,12.62
144,srednekolymsk,11,ID,1579573487,73,-8.11,115.09,83.01,3.27
145,mys shmidta,5,MX,1579573488,83,20.7,-105.2,79.0,8.05
146,saint anthony,5,ZA,1579573445,88,-34.08,18.82,68.0,2.24
147,lugovskiy,90,US,1579573490,87,38.42,-121.42,50.0,5.35
148,zhigansk,34,FO,1579573491,64,62.23,-6.59,39.2,24.16
149,aklavik,0,CN,1579573492,81,30.42,103.46,48.2,2.33
150,puerto ayacucho,100,RU,1579573494,95,56.97,37.51,33.21,12.86
151,haian,29,BO,1579573495,69,-18.95,-57.8,81.64,2.59
152,wanning,90,RU,1579573322,86,59.7,30.79,42.01,13.42
153,joaima,40,IN,1579573497,94,12.63,80.17,77.0,8.19
154,quatre cocos,0,PG,1579573498,77,-4.35,152.26,83.34,16.31
155,singaraja,0,CL,1579573499,67,-45.58,-72.07,62.6,2.24
156,ixtapa,79,CA,1579573500,95,60.75,-137.51,8.71,7.2
157,somerset west,78,RU,1579573501,87,65.58,-171.0,-0.02,2.82
158,laguna,92,IN,1579573502,38,28.02,73.3,56.77,8.28
159,klaksvik,100,NP,1579573504,93,29.27,82.18,27.19,2.26
160,linqiong,5,SA,1579573505,87,18.39,42.45,51.8,9.17
161,chagda,100,GL,1579573506,62,64.18,-51.72,23.0,4.7
162,belyy gorodok,0,LY,1579573507,43,27.04,14.43,49.89,14.27
163,puerto suarez,86,GL,1579573307,36,65.61,-37.64,15.8,2.24
164,nikolskoye,75,PL,1579573509,86,53.7,19.96,33.8,10.29
165,mamallapuram,5,CA,1579573510,67,63.75,-68.51,-25.01,16.11
166,kokopo,93,RU,1579573511,87,58.96,126.29,-9.15,4.88
167,coihaique,29,ZA,1579573513,89,-34.42,19.23,68.0,8.99
168,haines junction,16,SS,1579573514,23,9.53,31.66,66.58,8.19
169,lavrentiya,0,LY,1579573515,66,29.13,15.95,49.5,10.33
170,bikaner,100,MX,1579573516,70,30.48,-115.95,59.52,9.19
171,amderma,100,AU,1579573415,25,-20.73,139.5,96.8,10.29
172,jumla,45,ID,1579573518,86,-0.69,100.95,78.35,2.24
173,faya,100,NZ,1579573309,68,-46.28,169.85,66.0,12.26
174,nuuk,40,AU,1579573322,40,-37.83,140.77,68.0,5.82
175,sabha,40,CO,1579573522,83,10.4,-75.51,78.8,4.7
176,tasiilaq,20,LK,1579573523,100,6.12,81.12,75.2,5.82
177,ostroda,100,RU,1579573291,98,68.75,161.3,-24.81,5.48
178,iqaluit,40,AU,1579573525,62,-24.85,152.35,89.6,12.75
179,tommot,59,RU,1579573526,99,56.49,66.92,-2.92,6.87
180,hermanus,1,US,1579573527,85,45.18,-89.68,12.99,3.36
181,malakal,100,BR,1579573528,95,-6.64,-51.99,72.91,1.52
182,illoqqortoormiut,53,RU,1579573530,97,62.0,132.43,-23.17,1.59
183,hun,1,US,1579573305,84,47.47,-94.88,8.01,6.93
184,san quintin,100,PE,1579573373,88,-13.7,-76.22,71.6,11.41
185,mount isa,20,BR,1579573533,88,-9.67,-35.74,75.2,4.7
186,sijunjung,100,GL,1579573534,80,60.92,-46.05,32.0,21.92
187,kaitangata,100,NZ,1579573535,68,-45.75,170.57,66.0,16.2
188,mount gambier,90,CA,1579573282,84,55.74,-97.86,6.8,6.93
189,cartagena,56,BA,1579573537,73,42.95,18.09,41.0,3.36
190,hambantota,0,CL,1579573538,92,-37.62,-73.65,53.73,5.48
191,cherskiy,75,US,1579573540,57,19.73,-155.09,78.8,10.29
192,bundaberg,100,IR,1579573541,91,35.17,47.8,24.75,2.46
193,novaya zaimka,9,PG,1579573542,74,-3.67,152.43,84.51,17.87
194,merrill,40,MX,1579573543,69,18.73,-103.68,75.2,4.85
195,konigslutter,0,AU,1579573315,65,-24.87,113.63,78.8,23.04
196,sao felix do xingu,0,CL,1579573545,80,-35.33,-72.42,54.19,5.39
197,churapcha,100,NO,1579573327,69,70.37,31.11,37.36,31.85
198,bemidji,100,ZA,1579573547,93,-33.96,22.46,60.8,3.36
199,pisco,100,CA,1579573548,78,50.78,-112.47,36.0,10.0
200,maceio,90,NO,1579573550,89,68.38,17.6,33.8,28.86
201,narsaq,75,PT,1579573359,71,32.67,-17.1,57.2,19.46
202,waitati,0,UY,1579573303,92,-34.48,-54.33,67.28,5.64
203,thompson,100,CA,1579573553,96,54.77,-101.86,7.54,4.61
204,ljubinje,40,AU,1579573554,50,-36.03,146.38,77.0,8.05
205,lebu,100,RE,1579573301,88,-21.36,55.77,77.0,3.36
206,hilo,20,ID,1579573436,59,1.49,124.85,89.6,8.05
207,qorveh,1,US,1579573557,68,36.29,-76.25,36.0,14.94
208,namatanai,98,CN,1579573558,52,34.62,109.7,38.12,5.79
209,coahuayana,0,RU,1579573560,96,62.67,131.17,-24.11,2.21
210,carnarvon,20,JP,1579573339,40,34.67,138.95,59.0,11.41
211,constitucion,0,RU,1579573562,95,58.11,68.32,-8.28,4.09
212,vardo,2,PG,1579573293,74,-2.57,150.8,83.37,11.56
213,george,0,PK,1579573564,49,25.81,66.62,61.61,4.41
214,bassano,75,RU,1579573565,74,55.67,38.01,36.0,8.95
215,beisfjord,99,RU,1579573566,93,65.44,52.15,3.47,8.12
216,ponta do sol,75,JP,1579573567,69,35.18,132.5,46.4,13.87
217,rocha,4,NG,1579573569,45,9.92,8.9,59.07,4.23
218,flin flon,94,IR,1579573499,74,29.11,58.36,44.87,3.18
219,corowa,90,IR,1579573435,86,37.55,45.08,26.6,2.24
220,saint-philippe,100,ZA,1579573335,80,-33.02,27.91,68.13,10.74
221,manado,20,US,1579573334,76,40.6,-124.16,57.0,5.82
222,elizabeth city,0,CU,1579573574,80,20.71,-78.0,77.09,16.33
223,xiaoyi,67,GY,1579573575,98,8.2,-59.78,71.01,2.17
224,borogontsy,20,DE,1579573576,86,54.25,12.47,42.01,11.41
225,shimoda,78,ID,1579573577,78,-6.71,111.08,83.23,7.18
226,sumkino,0,CN,1579573519,51,27.32,103.72,48.92,8.9
227,kavieng,90,CA,1579573580,78,55.1,-105.28,8.6,3.36
228,uthal,75,IS,1579573581,64,63.84,-22.43,37.4,28.86
229,korenevo,90,CA,1579573582,100,54.52,-128.6,28.99,4.7
230,ust-tsilma,100,SY,1579573471,92,35.01,37.05,41.45,11.12
231,oda,75,PT,1579573584,67,38.73,-27.07,60.8,19.53
232,tsihombe,100,IR,1579573585,97,36.67,48.48,13.57,2.84
233,jos,1,US,1579573586,70,44.85,-93.79,8.6,7.31
234,bam,28,TH,1579573588,64,15.75,104.13,77.0,10.29
235,orumiyeh,100,RU,1579573589,89,61.28,108.01,-9.81,10.94
236,east london,20,PH,1579573590,65,14.31,121.11,82.4,11.41
237,fortuna,100,KM,1579573591,80,-11.38,43.28,83.35,24.16
238,santa cruz del sur,40,SB,1579573322,84,-9.43,159.95,86.0,8.05
239,mabaruma,100,RU,1579573593,95,62.85,34.83,39.0,11.5
240,ribnitz-damgarten,100,ID,1579573408,84,4.14,96.13,80.53,8.46
241,karanganyar,0,TR,1579573597,42,36.62,29.12,46.4,24.16
242,zhaotong,1,US,1579573598,72,42.25,-75.83,12.2,5.82
243,la ronge,40,PH,1579573333,58,6.64,122.27,87.8,14.99
244,grindavik,50,SO,1579573324,75,9.49,50.81,75.81,23.4
245,terrace,100,RU,1579573601,90,56.79,105.77,-0.89,11.32
246,salamiyah,20,ID,1579573570,59,-1.27,116.83,89.6,14.99
247,praia da vitoria,0,NG,1579573604,33,12.41,4.49,68.63,8.59
248,zanjan,85,AO,1579573324,81,-15.2,12.15,75.49,11.72
249,waconia,20,PF,1579573606,74,-17.73,-149.15,86.0,16.11
250,lolua,20,EG,1579573607,88,28.42,30.78,45.36,6.85
251,yasothon,30,ID,1579573608,58,-3.8,102.27,88.39,0.29
252,yerbogachen,40,US,1579573609,81,37.46,-122.43,55.4,11.41
253,toliary,0,MR,1579573361,77,20.93,-17.03,60.8,16.11
254,jiddah,0,FR,1579573611,86,47.25,6.02,30.0,5.82
255,santa rosa,60,SO,1579573612,75,7.98,49.82,76.66,23.22
256,mitsamiouli,40,BO,1579573614,88,-17.8,-63.17,80.6,6.93
257,honiara,0,RU,1579573615,53,42.89,133.08,20.93,3.29
258,povenets,90,CA,1579573616,92,47.67,-52.73,24.01,5.82
259,velikie luki,20,ID,1579573617,59,1.3,124.91,89.6,8.05
260,meulaboh,0,VN,1579573618,48,9.18,105.15,89.15,15.21
261,fethiye,100,RU,1579573474,92,53.86,120.88,-9.11,0.56
262,broome,20,JP,1579573620,59,26.12,127.67,66.2,8.05
263,tuburan,97,KZ,1579573621,95,48.83,58.14,17.6,10.76
264,belushya guba,80,RU,1579573622,96,62.1,77.47,-18.08,1.7
265,bandarbeyla,90,BR,1579573567,88,-32.03,-52.1,74.25,15.35
266,ust-kut,0,MX,1579573625,81,22.55,-105.75,71.37,1.66
267,kuche,75,PW,1579573626,70,7.04,134.26,84.2,18.34
268,balikpapan,75,US,1579573365,74,42.92,-112.47,30.2,9.17
269,tari,1,MN,1579573628,76,45.76,106.27,8.76,1.9
270,namibe,20,RU,1579573629,93,54.17,93.3,-6.32,2.73
271,tautira,94,BY,1579573630,86,51.89,26.85,31.64,15.32
272,matay,100,CN,1579573631,81,30.65,113.77,42.8,8.95
273,bengkulu,20,RO,1579573633,79,46.43,26.4,28.4,8.05
274,half moon bay,39,NG,1579573634,30,8.48,8.52,72.54,2.37
275,nouadhibou,1,US,1579573635,74,35.39,-94.4,35.6,5.06
276,besancon,100,GL,1579573636,65,77.48,-69.36,-13.61,8.52
277,eyl,0,MR,1579573637,22,20.52,-13.05,57.38,4.12
278,santa cruz,0,AU,1579573638,23,-23.7,133.88,93.2,16.11
279,vladimiro-aleksandrovskoye,64,NO,1579573639,59,70.86,29.09,38.55,31.79
280,torbay,75,GB,1579573552,100,53.41,-2.98,43.0,4.7
281,tondano,7,MN,1579573642,54,48.01,91.64,4.98,5.08
282,ca mau,100,PE,1579573643,73,-10.07,-78.15,72.03,2.57
283,amazar,75,US,1579573387,32,37.1,-113.58,52.0,10.29
284,itoman,100,BR,1579573507,91,-15.5,-49.69,72.46,1.61
285,emba,0,ES,1579573646,60,42.78,-9.06,48.0,7.0
286,raduzhnyy,100,ZA,1579573648,94,-34.0,24.73,63.88,13.56
287,rio grande,100,RU,1579573649,89,57.7,93.28,1.0,13.13
288,tumannyy,20,US,1579573650,76,40.8,-124.16,57.0,5.82
289,teacapan,90,ID,1579573651,69,-0.95,100.35,79.77,3.83
290,kloulklubed,98,RU,1579573652,96,60.34,102.28,-17.93,6.44
291,chubbuck,5,ZA,1579573653,88,-34.15,19.02,68.0,2.24
292,mandalgovi,5,CA,1579573654,74,69.45,-133.04,-23.8,3.36
293,koshurnikovo,40,SJ,1579573382,67,78.22,15.64,19.4,34.45
294,stolin,0,AR,1579573490,55,-40.81,-63.0,62.49,10.09
295,hanchuan,100,AR,1579573659,59,-38.88,-62.07,68.5,18.92
296,asau,0,DE,1579573660,92,51.18,10.07,30.0,1.12
297,lafia,0,RU,1579573661,45,42.9,133.91,23.07,3.76
298,fort smith,100,PA,1579573663,80,7.53,-80.03,80.87,16.02
299,barawe,7,AU,1579573372,67,-20.32,118.57,95.0,12.75
300,qaanaaq,100,ES,1579573665,87,40.81,0.52,46.99,24.16
301,atar,90,CA,1579573666,84,58.81,-122.7,-2.2,6.17
302,alice springs,90,US,1579573380,76,36.62,-121.92,57.0,3.36
303,berlevag,0,AR,1579573668,61,-34.62,-68.33,74.62,14.54
304,liverpool,75,US,1579573669,40,34.14,-116.05,61.0,4.54
305,hovd,22,BR,1579573670,97,-4.28,-55.98,73.71,1.57
306,umzimvubu,87,CU,1579573672,78,22.9,-83.16,68.07,15.95
307,huarmey,41,ID,1579573673,69,-6.88,112.21,85.51,4.88
308,grand river south east,75,ES,1579573674,67,28.66,-17.92,62.6,8.05
309,karamken,100,PH,1579573675,89,15.22,121.41,71.19,10.56
310,saint george,44,UY,1579573677,96,-33.7,-53.46,70.7,5.7
311,uruana,100,RE,1579573610,88,-21.34,55.48,77.0,3.36
312,muros,1,US,1579573489,78,41.39,-84.13,23.0,3.91
313,kruisfontein,90,HU,1579573680,100,47.61,18.51,34.0,1.12
314,kazachinskoye,75,AT,1579573681,86,48.75,15.96,32.0,4.7
315,eureka,1,VG,1579573682,94,18.42,-64.62,78.01,10.29
316,padang,40,CG,1579573683,88,-4.76,11.86,82.4,8.05
317,vanavara,100,RU,1579573685,98,60.42,134.53,-12.32,0.72
318,grabouw,36,NA,1579573686,30,-19.57,18.12,68.56,11.65
319,tuktoyaktuk,75,AR,1579573683,94,-31.42,-64.5,75.2,8.05
320,longyearbyen,100,RU,1579573688,92,53.96,105.88,-11.56,2.59
321,viedma,91,SS,1579573689,39,4.92,29.47,65.19,3.42
322,punta alta,75,MY,1579573690,74,4.41,114.01,87.8,8.05
323,eschwege,100,ID,1579573691,69,-0.95,122.79,83.79,6.91
324,preobrazheniye,94,TR,1579573693,95,41.25,32.69,23.92,4.25
325,pedasi,75,US,1579573694,71,37.34,-121.89,55.4,8.05
326,port hedland,99,RU,1579573695,76,55.94,110.1,-9.89,0.67
327,tortosa,34,ID,1579573696,69,-6.8,111.5,84.72,4.72
328,fort nelson,75,ES,1579573697,70,43.52,-8.15,51.01,8.05
329,samalaeulu,100,NZ,1579573698,68,-45.87,170.5,66.0,16.2
330,pacific grove,100,RU,1579573699,94,58.84,36.43,37.8,10.94
331,san rafael,39,PF,1579573701,74,-16.7,-151.02,82.47,8.86
332,twentynine palms,59,PH,1579573702,78,12.45,125.29,78.06,19.98
333,itaituba,0,NA,1579573703,87,-22.96,14.51,64.99,2.24
334,bahia honda,1,US,1579573704,51,35.22,-101.83,48.2,8.05
335,labuhan,40,MV,1579573705,83,4.17,73.51,82.4,14.99
336,los llanos de aridane,100,NZ,1579573706,74,-46.13,167.68,61.5,3.6
337,umiray,67,LY,1579573707,39,30.33,10.85,50.11,22.3
338,chuy,100,ML,1579573708,21,12.28,-10.97,73.47,1.61
339,saint-pierre,100,AR,1579573709,89,-26.79,-60.44,77.4,7.27
340,napoleon,100,GL,1579573711,66,60.14,-45.24,30.99,26.78
341,tarjan,90,US,1579573712,100,55.34,-131.65,42.8,3.36
342,retz,0,EG,1579573603,87,27.18,31.18,48.2,16.11
343,road town,53,MG,1579573714,77,-25.17,45.05,64.92,10.67
344,loandjili,100,SY,1579573715,93,35.3,37.18,42.3,12.12
345,ust-maya,38,MN,1579573716,74,48.81,103.53,2.73,2.93
346,grootfontein,100,GW,1579573717,60,11.28,-15.83,77.23,5.77
347,villa carlos paz,100,RU,1579573718,92,66.83,70.83,-1.57,10.89
348,kachug,40,US,1579573719,54,20.89,-156.47,80.6,20.8
349,maridi,100,RU,1579573720,89,50.3,87.73,-1.73,6.04
350,miri,100,MZ,1579573722,94,-16.23,39.91,74.7,6.33
351,tunduru,82,VN,1579573723,68,21.32,103.9,69.3,2.04
352,sentyabrskiy,90,RU,1579573724,86,59.85,31.48,42.01,13.42
353,luwuk,40,GB,1579573725,100,50.44,-3.57,37.99,2.24
354,safranbolu,75,PR,1579573726,84,18.49,-66.83,78.01,8.05
355,san jose,20,KY,1579573727,78,19.28,-81.25,80.6,9.17
356,kichera,51,SD,1579573728,18,11.02,29.72,62.69,19.22
357,gambiran,0,FR,1579573729,100,48.29,4.05,32.0,5.82
358,naron,1,US,1579573730,64,33.19,-82.53,37.4,5.82
359,dunedin,100,RU,1579573732,90,46.49,135.88,5.45,4.88
360,ustyuzhna,100,RU,1579573733,96,62.71,56.2,2.88,7.09
361,burica,45,ZW,1579573734,90,-20.93,29.0,58.32,7.85
362,fare,89,ML,1579573735,25,11.09,-6.89,72.32,3.83
363,anito,40,BR,1579573736,74,-8.01,-34.86,82.4,6.93
364,walvis bay,100,IS,1579573737,72,64.89,-23.71,34.11,33.02
365,amarillo,1,KR,1579573596,37,37.57,126.98,33.8,1.21
366,male,0,ZA,1579573739,88,-33.01,17.94,62.6,8.05
367,tuatapere,45,BR,1579573740,96,-0.13,-67.09,73.53,1.48
368,vaitupu,1,US,1579573742,72,31.77,-93.13,37.4,2.93
369,nalut,0,AU,1579573743,36,-34.73,135.87,75.22,5.88
370,dire,40,RU,1579573744,72,69.49,88.4,-40.0,4.47
371,presidencia roque saenz pena,90,BR,1579573682,94,-20.33,-40.29,71.6,3.36
372,nanortalik,95,BR,1579573746,98,1.0,-52.0,72.0,2.51
373,ketchikan,36,ID,1579573747,48,-7.63,109.25,93.61,1.25
374,asyut,84,RU,1579573748,92,58.84,125.49,-10.71,5.32
375,beloha,100,CD,1579573749,95,-2.47,28.82,60.82,1.34
376,abu samrah,75,ID,1579573750,88,-10.17,123.58,80.6,9.17
377,bulgan,89,KZ,1579573752,91,44.16,80.0,12.09,1.68
378,bubaque,0,AU,1579573753,47,-32.5,137.77,79.0,13.87
379,yar-sale,0,ER,1579573754,90,15.11,36.66,55.6,7.31
380,kahului,100,ML,1579573755,21,15.0,-2.95,65.35,3.38
381,aktash,0,SD,1579573756,38,14.2,24.67,44.06,4.18
382,angoche,0,GB,1579573757,93,50.12,-5.54,46.0,11.41
383,son la,1,US,1579573677,67,42.04,-87.69,26.6,6.93
384,priladozhskiy,2,IN,1579573759,72,10.23,77.48,71.83,2.8
385,paignton,100,RU,1579573760,93,58.36,82.83,-0.06,10.33
386,hatillo,0,AU,1579573762,38,-34.2,142.15,75.99,5.82
387,bodden town,75,AR,1579573763,94,-33.13,-64.35,71.6,3.36
388,kaduqli,0,RU,1579573764,90,57.13,73.83,-8.54,3.27
389,saint-andre-les-vergers,40,IL,1579573765,76,29.56,34.95,53.6,3.29
390,avera,0,NP,1579573766,41,27.37,87.2,39.67,2.59
391,vostok,100,PH,1579573767,75,12.18,125.51,77.72,9.35
392,troitsko-pechorsk,100,TZ,1579573768,93,-5.42,38.02,70.45,6.44
393,gwanda,0,SA,1579573770,57,21.43,39.83,60.91,3.83
394,kolondieba,0,MX,1579573771,70,16.23,-94.65,77.05,40.51
395,olinda,20,PE,1579573772,76,-13.33,-71.95,51.8,2.24
396,olafsvik,67,IN,1579573773,48,23.92,87.53,63.41,5.97
397,seoul,88,IR,1579573679,85,35.57,53.4,32.04,1.92
398,saldanha,15,ID,1579573775,76,-5.67,132.75,83.79,15.12
399,sao gabriel da cachoeira,0,AU,1579573777,63,-37.88,147.98,75.99,3.0
400,natchitoches,100,RU,1579573778,75,66.42,112.4,-14.8,6.71
401,port lincoln,45,TM,1579573779,82,39.24,55.52,26.55,4.63
402,talnakh,38,AU,1579573780,28,-25.24,130.99,95.0,16.11
403,vila velha,71,CD,1579573781,35,4.28,21.02,64.17,3.71
404,amapa,90,NL,1579573782,93,53.25,6.75,39.2,11.41
405,kroya,40,VE,1579573783,74,7.77,-72.22,80.6,2.24
406,nizhniy kuranakh,0,OM,1579573784,70,22.57,59.53,64.31,3.51
407,kabare,0,ZA,1579573785,88,-33.46,18.73,68.0,2.24
408,kupang,90,EE,1579573787,86,58.0,25.93,42.01,25.28
409,palabuhanratu,40,TH,1579573788,74,8.35,100.2,84.2,10.29
410,zharkent,0,NC,1579573730,77,-20.23,164.02,78.19,14.0
411,port augusta,80,AR,1579573790,92,-38.55,-58.74,64.99,8.01
412,teseney,3,CA,1579573791,77,66.15,-65.71,-18.27,5.7
413,douentza,1,US,1579573213,77,43.31,-73.64,17.6,2.42
414,kutum,100,RU,1579573793,88,54.43,31.9,34.83,15.19
415,penzance,6,NZ,1579573794,70,-35.62,174.5,80.01,13.0
416,evanston,100,CG,1579573795,98,-3.68,13.35,69.87,1.57
417,baboua,0,NA,1579573797,93,-26.65,15.16,62.6,2.24
418,kodaikanal,3,CA,1579573605,90,46.38,-75.97,1.9,4.41
419,togur,77,MX,1579573799,63,27.98,-114.06,62.98,9.75
420,mildura,5,MX,1579573763,64,22.89,-109.91,71.6,4.7
421,port-de-paix,0,RU,1579573801,87,48.6,133.82,1.44,10.07
422,rio cuarto,0,CN,1579573802,79,46.56,131.42,12.24,8.32
423,znamenskoye,50,RU,1579573803,98,67.63,134.63,-27.08,1.7
424,elat,0,PG,1579573805,79,-5.22,145.8,83.43,18.48
425,khandbari,99,BR,1579573806,83,-18.51,-54.76,78.6,1.7
426,san policarpo,0,AU,1579573807,69,-20.74,116.85,86.83,14.58
427,chanika,1,CZ,1579573808,95,48.84,14.64,30.0,1.99
428,mecca,100,RU,1579573809,94,64.9,45.76,16.75,10.2
429,san francisco del mar,12,AU,1579573774,65,-38.27,141.97,58.26,5.88
430,gangotri,0,GB,1579573811,100,50.78,-0.68,36.0,1.12
431,subaytilah,1,DE,1579573813,100,50.32,11.92,27.0,3.42
432,calca,100,ID,1579573814,73,5.56,95.32,81.84,6.38
433,siuri,46,BR,1579573815,98,-24.79,-50.01,62.62,6.6
434,semnan,75,IT,1579573816,76,40.57,9.69,57.2,21.92
435,tual,100,NO,1579573817,65,62.58,6.13,44.6,19.46
436,lakes entrance,0,MV,1579573807,81,2.67,72.89,82.58,14.07
437,udachnyy,10,ER,1579573819,78,13.93,41.69,72.86,2.55
438,gazanjyk,28,NG,1579573821,27,7.37,7.63,76.08,3.69
439,yulara,0,GB,1579573822,100,51.38,1.39,37.99,2.24
440,gbadolite,13,SS,1579573823,27,8.46,25.68,56.46,5.17
441,groningen,75,JP,1579573824,81,35.55,133.23,46.4,5.82
442,san cristobal,100,RU,1579573825,92,50.16,40.38,28.72,11.01
443,sur,0,NZ,1579573826,59,-35.93,173.88,72.68,9.19
444,malmesbury,20,FR,1579573262,84,48.85,2.35,36.0,9.17
445,torva,33,CM,1579573829,37,7.32,13.58,63.68,4.03
446,pak phanang,75,IE,1579573830,80,51.55,-9.27,41.0,5.82
447,poum,75,CA,1579573831,64,50.05,-110.67,37.0,17.22
448,necochea,20,BR,1579573832,69,-20.44,-54.86,80.6,6.93
449,pangnirtung,100,GL,1579573833,56,60.72,-46.03,32.0,21.92
450,glens falls,20,ES,1579573834,87,39.89,4.27,57.2,24.16
451,sobolevo,100,NO,1579573835,81,59.23,11.2,45.0,17.22
452,ngunguru,5,MX,1579573836,83,19.22,-104.7,82.4,4.14
453,umm durman,90,US,1579573837,84,43.21,-75.46,19.0,5.82
454,sibiti,100,RU,1579573839,99,62.88,152.43,-23.76,1.01
455,luderitz,88,VE,1579573840,81,10.06,-72.55,77.49,7.99
456,maniwaki,90,CA,1579573583,79,45.62,-62.0,21.0,10.29
457,rungata,100,BR,1579573842,92,-10.44,-62.47,75.7,2.68
458,guerrero negro,52,KE,1579573843,96,-4.14,39.32,74.19,3.31
459,cabo san lucas,0,SV,1579573844,74,13.59,-89.83,73.0,11.01
460,smidovich,86,GA,1579573845,79,-3.43,10.66,82.76,13.6
461,alotau,100,RU,1579573846,94,58.69,99.18,-1.95,11.68
462,baoshan,0,PE,1579573848,77,-4.27,-81.21,71.31,6.73
463,batagay,0,SO,1579573849,77,4.12,43.89,69.55,15.59
464,madang,100,RU,1579573850,89,58.0,102.66,-2.02,10.94
465,coxim,6,CV,1579573851,60,14.92,-23.51,68.0,9.17
466,karratha,43,PH,1579573852,69,9.49,125.44,79.5,15.46
467,kazalinsk,75,MY,1579573853,83,3.17,113.03,84.2,5.82
468,trhove sviny,100,PT,1579573854,72,39.05,-27.98,59.79,17.09
469,leshukonskoye,0,CN,1579573855,86,45.3,130.28,7.32,5.61
470,codrington,20,AU,1579573811,52,-35.57,138.62,75.0,14.99
471,bognor regis,75,BB,1579573858,78,13.22,-59.52,78.8,19.46
472,hof,40,JP,1579573779,48,33.73,135.98,51.8,17.22
473,banda aceh,100,RU,1579573860,95,53.78,82.31,-5.03,4.03
474,castro,75,NC,1579573861,62,-20.57,164.28,79.74,2.1
475,siniscola,100,BR,1579573862,81,-0.61,-47.36,81.36,16.55
476,roald,67,IN,1579573863,37,21.78,87.75,68.2,9.37
477,kudahuvadhoo,90,US,1579573864,68,39.45,-86.18,27.0,3.36
478,mahadday weyne,1,US,1579573865,72,40.57,-79.76,21.2,3.36
479,samusu,100,RU,1579573866,94,59.22,39.89,33.21,14.47
480,edd,83,BR,1579573868,96,-20.97,-46.12,66.18,4.43
481,ankpa,100,GN,1579573627,74,9.54,-13.68,76.5,4.23
482,margate,18,RU,1579573771,90,61.92,63.02,-0.94,9.84
483,raga,100,ID,1579573871,55,0.54,123.06,87.96,2.68
484,sakaiminato,21,GR,1579573872,86,37.72,20.83,43.0,10.27
485,verkhniy mamon,100,TZ,1579573873,97,-7.99,38.76,74.68,2.06
486,dargaville,33,PL,1579573874,91,53.11,19.05,37.0,1.01
487,armacao dos buzios,90,TR,1579573875,100,36.96,36.2,42.01,1.12
488,paris,99,RU,1579573876,100,70.02,135.6,-29.96,6.53
489,ngaoundere,59,BR,1579573878,81,-14.41,-56.45,75.31,2.62
490,skibbereen,0,PT,1579573879,64,38.71,-8.97,48.0,14.99
491,medicine hat,75,VN,1579573723,79,17.48,106.6,73.04,6.11
492,terenos,100,RU,1579573881,83,66.03,60.17,0.64,9.01
493,qaqortoq,10,CN,1579573882,42,36.62,101.77,22.82,5.46
494,mao,100,CN,1579573883,74,19.91,109.69,72.19,11.83
495,skjeberg,93,RU,1579573884,76,66.8,65.81,1.36,5.66
496,san patricio,100,CN,1579573885,74,35.02,110.99,34.84,7.02
497,roma,98,RU,1579573801,96,63.92,127.47,-20.6,4.76
498,babanusah,66,CA,1579573804,76,51.23,-58.65,2.88,9.64
499,seymchan,47,RU,1579573889,82,59.7,150.17,-5.51,7.18
500,machiques,63,RU,1579573890,100,64.57,143.2,-40.52,2.01
501,antigonish,18,SB,1579573891,66,-8.14,159.59,86.99,9.62
502,kamenskoye,97,MX,1579573893,75,20.87,-90.4,71.31,25.61
503,jaru,1,ZA,1579573894,89,-27.28,27.97,55.06,9.15
504,kinango,1,US,1579573716,64,36.68,-101.48,37.99,5.82
505,acajutla,100,RU,1579573896,98,68.05,166.44,-28.88,2.93
506,mayumba,100,ZM,1579573897,95,-13.51,28.16,64.72,0.98
507,kodinsk,100,RU,1579573898,95,62.55,155.55,-22.22,4.72
508,zachagansk,36,TZ,1579573899,84,-5.25,39.77,81.66,18.81
509,el alto,0,QA,1579573674,77,25.29,51.53,62.6,9.17
510,xuddur,98,PK,1579573902,90,33.54,70.35,36.64,2.42
511,ust-ilimsk,40,RU,1579573903,86,48.04,40.05,30.2,4.47
512,praia,83,GA,1579573904,76,-0.72,8.78,82.6,10.27
513,cantapoy,75,PH,1579573905,88,15.03,120.61,81.0,4.7
514,bintulu,65,VE,1579573906,95,9.75,-63.18,71.73,5.01
515,lagoa,80,CA,1579573825,91,51.23,-101.36,13.32,12.03
516,linkou,1,US,1579573908,67,31.6,-94.63,44.01,3.53
517,victor harbor,90,CA,1579573909,85,54.15,-115.69,12.2,5.82
518,bathsheba,75,US,1579573911,69,21.4,-157.74,78.8,11.41
519,shingu,0,CL,1579573864,63,-41.87,-73.82,60.8,9.17
520,suzun,80,CF,1579573913,25,6.54,21.99,62.6,6.44
521,koumac,0,SA,1579573893,60,25.02,37.27,54.7,4.9
522,salinopolis,100,VE,1579573915,72,10.18,-70.08,71.55,1.54
523,contai,100,AO,1579573916,97,-9.66,20.39,64.11,2.66
524,bud,99,RU,1579573917,97,65.53,72.52,-7.56,8.86
525,new kensington,100,GA,1579573918,97,-1.22,10.58,73.98,0.98
526,vologda,90,RU,1579573919,100,52.99,58.1,23.0,2.24
527,carmo do rio claro,78,MX,1579573921,74,18.97,-91.18,73.2,9.51
528,wa,90,RU,1579573922,94,63.86,57.31,1.78,9.19
529,conakry,20,BJ,1579573841,83,6.5,2.6,78.8,3.36
530,agirish,100,AO,1579573924,73,-12.58,13.41,79.84,1.25
531,gorontalo,99,CN,1579573925,94,49.2,119.7,4.01,5.84
532,lithakia,94,BR,1579573926,95,-2.76,-42.27,75.27,3.78
533,utete,10,ID,1579573928,70,-5.11,105.31,85.6,10.09
534,golub-dobrzyn,5,MX,1579573930,83,15.74,-96.47,80.6,6.4
535,erzin,100,CN,1579573931,91,42.8,93.45,10.98,3.74
536,ust-kuyga,71,JP,1579573806,73,42.33,142.37,25.99,13.51
537,diamantino,100,RU,1579573933,99,66.27,33.05,33.71,7.74
538,montijo,40,BR,1579573934,83,-15.86,-38.88,78.8,8.05
539,dong hoi,75,PL,1579573935,83,51.42,21.97,33.01,14.99
540,inta,75,US,1579573695,62,42.61,-83.15,21.99,4.74
541,xining,43,IR,1579573937,82,34.09,49.69,25.25,4.05
542,lingao,100,MG,1579573938,94,-20.28,44.28,75.0,4.43
543,kharp,26,CL,1579573940,91,-25.4,-70.48,61.7,0.51
544,yuncheng,75,MU,1579573941,88,-20.01,57.66,80.01,10.78
545,sangar,93,IN,1579573942,92,34.17,77.58,-3.87,3.89
546,saint-augustin,86,CM,1579573943,97,3.65,10.77,69.57,2.8
